<?xml version="1.0" encoding="UTF-8"?>
<!DOCTYPE hibernate-reverse-engineering PUBLIC "-//Hibernate/Hibernate Reverse Engineering DTD 3.0//EN" "http://hibernate.org/dtd/hibernate-reverse-engineering-3.0.dtd" >

<hibernate-reverse-engineering>
  <table-filter match-catalog="horario" match-name="asignatura"/>
  <table-filter match-catalog="horario" match-name="curso"/>
  <table-filter match-catalog="horario" match-name="horario"/>
  <table-filter match-catalog="horario" match-name="ofertaeducativa"/>
  <table-filter match-catalog="horario" match-name="profesor"/>
  <table-filter match-catalog="horario" match-name="reparto"/>
  <table-filter match-catalog="horario" match-name="tramohorario"/>
  <table-filter match-catalog="horario" match-name="historicoprofesor"/>
</hibernate-reverse-engineering>